{
  "agent": "a2c",
  "timestamp": "2025-11-01T06:48:49.177668",
  "num_episodes": 2900,
  "mean_reward": -555.6112670898438,
  "median_reward": -521.76025390625,
  "std_reward": 249.24220275878906,
  "var_reward": 62121.67578125,
  "min_reward": -3387.7744140625,
  "max_reward": 37.74350357055664
}