{
  "agent": "ppo",
  "timestamp": "2025-11-01T08:14:22.561215",
  "num_episodes": 2900,
  "mean_reward": 220.91786193847656,
  "median_reward": 257.92230224609375,
  "std_reward": 95.79952239990234,
  "var_reward": 9177.548828125,
  "min_reward": -356.1116943359375,
  "max_reward": 301.3518371582031
}